{"stats":{"minecraft:crafted":{"minecraft:iron_chestplate":1,"minecraft:crafting_table":1,"minecraft:spruce_planks":32,"minecraft:stick":12,"minecraft:wooden_pickaxe":1,"minecraft:iron_ingot":13,"minecraft:iron_pickaxe":1,"minecraft:stone_pickaxe":1,"minecraft:wooden_axe":1,"minecraft:iron_sword":1,"minecraft:furnace":1},"minecraft:used":{"minecraft:wooden_axe":6,"minecraft:stone_pickaxe":72,"minecraft:iron_pickaxe":1,"minecraft:wooden_pickaxe":12,"minecraft:iron_sword":4,"minecraft:sweet_berries":6,"minecraft:crafting_table":2,"minecraft:furnace":1,"minecraft:spruce_log":1},"minecraft:mined":{"minecraft:furnace":1,"minecraft:iron_ore":13,"minecraft:sweet_berry_bush":6,"minecraft:spruce_log":9,"minecraft:crafting_table":2,"minecraft:coal_ore":17,"minecraft:spruce_leaves":1,"minecraft:stone":48},"minecraft:picked_up":{"minecraft:crafting_table":3,"minecraft:sweet_berries":15,"minecraft:spruce_log":9,"minecraft:rotten_flesh":1,"minecraft:iron_ore":13,"minecraft:coal":17,"minecraft:cobblestone":47,"minecraft:furnace":1},"minecraft:custom":{"minecraft:time_since_rest":10810,"minecraft:sprint_one_cm":3099,"minecraft:interact_with_furnace":18,"minecraft:damage_taken":60,"minecraft:walk_one_cm":11031,"minecraft:damage_dealt":381,"minecraft:swim_one_cm":479,"minecraft:fly_one_cm":4995,"minecraft:interact_with_crafting_table":7,"minecraft:player_kills":1,"minecraft:crouch_one_cm":2740,"minecraft:play_one_minute":10810,"minecraft:sneak_time":1641,"minecraft:walk_under_water_one_cm":500,"minecraft:jump":68,"minecraft:walk_on_water_one_cm":4046,"minecraft:time_since_death":10810,"minecraft:fall_one_cm":2002}},"DataVersion":2586}