{"stats":{"minecraft:crafted":{"minecraft:crafting_table":1,"minecraft:spruce_planks":32,"minecraft:wooden_pickaxe":1,"minecraft:iron_helmet":1,"minecraft:iron_sword":1,"minecraft:furnace":1,"minecraft:iron_chestplate":1,"minecraft:iron_boots":1,"minecraft:shield":1,"minecraft:iron_axe":1,"minecraft:stick":20,"minecraft:iron_ingot":34,"minecraft:iron_pickaxe":1,"minecraft:stone_pickaxe":1,"minecraft:wooden_axe":1,"minecraft:iron_leggings":1,"minecraft:torch":36},"minecraft:used":{"minecraft:stone_pickaxe":72,"minecraft:wooden_pickaxe":12,"minecraft:shield":10,"minecraft:iron_sword":54,"minecraft:rotten_flesh":1,"minecraft:torch":11,"minecraft:dirt":8,"minecraft:crafting_table":3,"minecraft:spruce_log":1,"minecraft:wooden_axe":18,"minecraft:chicken":1,"minecraft:iron_axe":1,"minecraft:iron_pickaxe":184,"minecraft:gravel":4,"minecraft:cobblestone":17,"minecraft:sweet_berries":40,"minecraft:furnace":2},"minecraft:dropped":{"minecraft:torch":12,"minecraft:stone_pickaxe":2},"minecraft:mined":{"minecraft:diamond_ore":2,"minecraft:crafting_table":3,"minecraft:grass_block":1,"minecraft:spruce_leaves":1,"minecraft:lapis_ore":1,"minecraft:oak_planks":11,"minecraft:large_fern":1,"minecraft:furnace":2,"minecraft:iron_ore":72,"minecraft:sweet_berry_bush":17,"minecraft:spruce_log":9,"minecraft:andesite":3,"minecraft:coal_ore":47,"minecraft:gravel":4,"minecraft:dirt":10,"minecraft:stone":114,"minecraft:gold_ore":11,"minecraft:fern":1},"minecraft:picked_up":{"minecraft:crafting_table":4,"minecraft:chicken":1,"minecraft:andesite":1,"minecraft:wooden_pickaxe":1,"minecraft:dirt":11,"minecraft:lapis_lazuli":4,"minecraft:string":2,"minecraft:bone":2,"minecraft:iron_ingot":5,"minecraft:stone_pickaxe":1,"minecraft:iron_ore":72,"minecraft:minecart":1,"minecraft:chest":1,"minecraft:oak_planks":10,"minecraft:egg":1,"minecraft:furnace":2,"minecraft:sweet_berries":30,"minecraft:torch":1,"minecraft:gravel":4,"minecraft:spruce_log":9,"minecraft:gold_ore":11,"minecraft:arrow":2,"minecraft:rotten_flesh":3,"minecraft:diamond":2,"minecraft:beetroot_seeds":2,"minecraft:coal":46,"minecraft:rail":2,"minecraft:cobblestone":111},"minecraft:killed":{"minecraft:spider":2,"minecraft:skeleton":3,"minecraft:chicken":1},"minecraft:custom":{"minecraft:interact_with_furnace":48,"minecraft:mob_kills":6,"minecraft:interact_with_crafting_table":24,"minecraft:play_one_minute":36845,"minecraft:leave_game":1,"minecraft:time_since_death":3321,"minecraft:time_since_rest":3348,"minecraft:sprint_one_cm":109167,"minecraft:damage_taken":434,"minecraft:walk_one_cm":51502,"minecraft:damage_blocked_by_shield":150,"minecraft:drop":3,"minecraft:damage_dealt":1510,"minecraft:player_kills":1,"minecraft:swim_one_cm":752,"minecraft:fly_one_cm":65168,"minecraft:crouch_one_cm":12614,"minecraft:deaths":1,"minecraft:sneak_time":5670,"minecraft:walk_under_water_one_cm":2223,"minecraft:jump":554,"minecraft:walk_on_water_one_cm":18975,"minecraft:fall_one_cm":11415}},"DataVersion":2586}