{"stats":{"minecraft:crafted":{"minecraft:iron_boots":1,"minecraft:iron_chestplate":1,"minecraft:shield":1,"minecraft:iron_axe":1,"minecraft:crafting_table":1,"minecraft:spruce_planks":32,"minecraft:stick":20,"minecraft:wooden_pickaxe":1,"minecraft:iron_ingot":27,"minecraft:iron_pickaxe":1,"minecraft:stone_pickaxe":1,"minecraft:wooden_axe":1,"minecraft:iron_sword":1,"minecraft:furnace":1,"minecraft:torch":28},"minecraft:used":{"minecraft:wooden_axe":18,"minecraft:stone_pickaxe":72,"minecraft:iron_pickaxe":79,"minecraft:wooden_pickaxe":12,"minecraft:iron_sword":19,"minecraft:gravel":4,"minecraft:torch":9,"minecraft:sweet_berries":22,"minecraft:crafting_table":3,"minecraft:furnace":2,"minecraft:spruce_log":1},"minecraft:dropped":{"minecraft:torch":12,"minecraft:stone_pickaxe":2},"minecraft:mined":{"minecraft:furnace":1,"minecraft:iron_ore":55,"minecraft:sweet_berry_bush":6,"minecraft:spruce_log":9,"minecraft:andesite":2,"minecraft:crafting_table":2,"minecraft:coal_ore":30,"minecraft:gravel":4,"minecraft:spruce_leaves":1,"minecraft:stone":65,"minecraft:oak_planks":11},"minecraft:picked_up":{"minecraft:crafting_table":3,"minecraft:sweet_berries":15,"minecraft:wooden_pickaxe":1,"minecraft:gravel":4,"minecraft:spruce_log":9,"minecraft:rotten_flesh":1,"minecraft:stone_pickaxe":1,"minecraft:iron_ore":55,"minecraft:minecart":1,"minecraft:chest":1,"minecraft:oak_planks":10,"minecraft:coal":29,"minecraft:rail":1,"minecraft:cobblestone":63,"minecraft:furnace":1},"minecraft:killed":{"minecraft:skeleton":1},"minecraft:custom":{"minecraft:time_since_rest":22810,"minecraft:sprint_one_cm":46776,"minecraft:interact_with_furnace":39,"minecraft:damage_taken":104,"minecraft:walk_one_cm":31164,"minecraft:mob_kills":1,"minecraft:drop":3,"minecraft:damage_dealt":561,"minecraft:swim_one_cm":479,"minecraft:fly_one_cm":14254,"minecraft:interact_with_crafting_table":17,"minecraft:player_kills":1,"minecraft:crouch_one_cm":8319,"minecraft:play_one_minute":22810,"minecraft:sneak_time":3734,"minecraft:walk_under_water_one_cm":500,"minecraft:jump":186,"minecraft:walk_on_water_one_cm":11770,"minecraft:time_since_death":22810,"minecraft:fall_one_cm":2958}},"DataVersion":2586}