{"stats":{"minecraft:crafted":{"minecraft:cooked_beef":10,"minecraft:crafting_table":3,"minecraft:spruce_planks":40,"minecraft:wooden_pickaxe":1,"minecraft:furnace":7,"minecraft:cooked_mutton":2,"minecraft:air":0,"minecraft:charcoal":9,"minecraft:shield":1,"minecraft:iron_axe":1,"minecraft:stick":16,"minecraft:iron_ingot":13,"minecraft:iron_pickaxe":3,"minecraft:stone_pickaxe":2,"minecraft:wooden_axe":1,"minecraft:white_bed":1,"minecraft:diamond_chestplate":1},"minecraft:used":{"minecraft:cooked_mutton":2,"minecraft:diorite":15,"minecraft:stone_pickaxe":85,"minecraft:ender_pearl":1,"minecraft:wooden_pickaxe":6,"minecraft:shield":9,"minecraft:dirt":12,"minecraft:mutton":3,"minecraft:crafting_table":4,"minecraft:white_bed":1,"minecraft:wooden_axe":51,"minecraft:iron_axe":16,"minecraft:iron_pickaxe":320,"minecraft:cobblestone":19,"minecraft:sweet_berries":84,"minecraft:furnace":7,"minecraft:cooked_beef":1},"minecraft:dropped":{"minecraft:cobblestone":53,"minecraft:wooden_axe":1},"minecraft:broken":{"minecraft:wooden_axe":1},"minecraft:mined":{"minecraft:diamond_ore":26,"minecraft:crafting_table":1,"minecraft:granite":6,"minecraft:grass_block":3,"minecraft:spruce_leaves":11,"minecraft:diorite":15,"minecraft:large_fern":3,"minecraft:iron_ore":34,"minecraft:sweet_berry_bush":19,"minecraft:spruce_log":19,"minecraft:andesite":1,"minecraft:grass":1,"minecraft:coal_ore":30,"minecraft:gravel":4,"minecraft:dirt":13,"minecraft:stone":284},"minecraft:picked_up":{"minecraft:wooden_axe":1,"minecraft:crafting_table":1,"minecraft:andesite":1,"minecraft:leather":4,"minecraft:flint":1,"minecraft:dirt":16,"minecraft:string":2,"minecraft:bone":2,"minecraft:wheat_seeds":1,"minecraft:spruce_planks":20,"minecraft:beef":10,"minecraft:iron_ore":34,"minecraft:light_gray_wool":1,"minecraft:egg":2,"minecraft:sweet_berries":120,"minecraft:gravel":3,"minecraft:diorite":15,"minecraft:spruce_log":19,"minecraft:arrow":2,"minecraft:diamond":26,"minecraft:granite":6,"minecraft:coal":30,"minecraft:mutton":5,"minecraft:white_wool":3,"minecraft:cobblestone":298,"minecraft:ender_pearl":1},"minecraft:killed":{"minecraft:spider":1,"minecraft:sheep":4,"minecraft:skeleton":2,"minecraft:zombie":2,"minecraft:enderman":1,"minecraft:cow":5},"minecraft:custom":{"minecraft:interact_with_furnace":39,"minecraft:mob_kills":15,"minecraft:interact_with_crafting_table":18,"minecraft:play_one_minute":41176,"minecraft:leave_game":1,"minecraft:time_since_death":41176,"minecraft:sleep_in_bed":1,"minecraft:time_since_rest":7527,"minecraft:sprint_one_cm":99492,"minecraft:damage_taken":761,"minecraft:walk_one_cm":84120,"minecraft:damage_blocked_by_shield":265,"minecraft:drop":2,"minecraft:damage_dealt":1854,"minecraft:swim_one_cm":1940,"minecraft:fly_one_cm":105496,"minecraft:crouch_one_cm":23188,"minecraft:sneak_time":9195,"minecraft:walk_under_water_one_cm":1877,"minecraft:jump":784,"minecraft:walk_on_water_one_cm":8922,"minecraft:fall_one_cm":17576}},"DataVersion":2586}