{"stats":{"minecraft:crafted":{"minecraft:furnace":1,"minecraft:crafting_table":1,"minecraft:spruce_planks":24,"minecraft:stick":8,"minecraft:wooden_pickaxe":1,"minecraft:stone_pickaxe":2,"minecraft:wooden_axe":1},"minecraft:used":{"minecraft:wooden_axe":7,"minecraft:sweet_berries":5,"minecraft:crafting_table":1,"minecraft:furnace":1,"minecraft:stone_pickaxe":51,"minecraft:wooden_pickaxe":6},"minecraft:mined":{"minecraft:coal_ore":7,"minecraft:iron_ore":10,"minecraft:spruce_log":6,"minecraft:stone":40,"minecraft:crafting_table":1},"minecraft:picked_up":{"minecraft:crafting_table":1,"minecraft:sweet_berries":2,"minecraft:iron_ore":10,"minecraft:spruce_log":6,"minecraft:ender_pearl":1,"minecraft:coal":7,"minecraft:cobblestone":53},"minecraft:killed":{"minecraft:zombie":1,"minecraft:enderman":1},"minecraft:custom":{"minecraft:time_since_rest":5877,"minecraft:play_one_minute":5877,"minecraft:crouch_one_cm":5377,"minecraft:interact_with_furnace":4,"minecraft:sprint_one_cm":9141,"minecraft:damage_taken":115,"minecraft:walk_one_cm":7256,"minecraft:sneak_time":1759,"minecraft:walk_under_water_one_cm":27,"minecraft:mob_kills":2,"minecraft:jump":106,"minecraft:damage_dealt":276,"minecraft:time_since_death":5877,"minecraft:walk_on_water_one_cm":3354,"minecraft:interact_with_crafting_table":4,"minecraft:fall_one_cm":3301,"minecraft:fly_one_cm":14388}},"DataVersion":2586}