{"stats":{"minecraft:crafted":{"minecraft:crafting_table":3,"minecraft:spruce_planks":24,"minecraft:wooden_pickaxe":1,"minecraft:furnace":7,"minecraft:air":0,"minecraft:charcoal":4,"minecraft:shield":1,"minecraft:iron_axe":1,"minecraft:stick":16,"minecraft:iron_ingot":10,"minecraft:iron_pickaxe":2,"minecraft:stone_pickaxe":2,"minecraft:wooden_axe":1,"minecraft:diamond_chestplate":1},"minecraft:used":{"minecraft:diorite":8,"minecraft:stone_pickaxe":85,"minecraft:ender_pearl":1,"minecraft:wooden_pickaxe":6,"minecraft:shield":6,"minecraft:dirt":8,"minecraft:mutton":3,"minecraft:crafting_table":4,"minecraft:wooden_axe":51,"minecraft:iron_axe":9,"minecraft:iron_pickaxe":140,"minecraft:cobblestone":13,"minecraft:sweet_berries":75,"minecraft:furnace":7},"minecraft:dropped":{"minecraft:cobblestone":53,"minecraft:wooden_axe":1},"minecraft:broken":{"minecraft:wooden_axe":1},"minecraft:mined":{"minecraft:diamond_ore":9,"minecraft:crafting_table":1,"minecraft:granite":6,"minecraft:grass_block":3,"minecraft:spruce_leaves":11,"minecraft:diorite":15,"minecraft:large_fern":3,"minecraft:iron_ore":24,"minecraft:sweet_berry_bush":19,"minecraft:spruce_log":19,"minecraft:andesite":1,"minecraft:grass":1,"minecraft:coal_ore":23,"minecraft:gravel":1,"minecraft:dirt":8,"minecraft:stone":145},"minecraft:picked_up":{"minecraft:wooden_axe":1,"minecraft:crafting_table":1,"minecraft:andesite":1,"minecraft:leather":4,"minecraft:dirt":11,"minecraft:string":2,"minecraft:wheat_seeds":1,"minecraft:spruce_planks":20,"minecraft:beef":10,"minecraft:iron_ore":24,"minecraft:light_gray_wool":1,"minecraft:egg":2,"minecraft:sweet_berries":120,"minecraft:gravel":1,"minecraft:diorite":15,"minecraft:spruce_log":19,"minecraft:arrow":2,"minecraft:diamond":9,"minecraft:granite":6,"minecraft:coal":23,"minecraft:mutton":5,"minecraft:white_wool":3,"minecraft:cobblestone":158,"minecraft:ender_pearl":1},"minecraft:killed":{"minecraft:spider":1,"minecraft:sheep":4,"minecraft:skeleton":1,"minecraft:zombie":1,"minecraft:enderman":1,"minecraft:cow":5},"minecraft:custom":{"minecraft:interact_with_furnace":12,"minecraft:mob_kills":13,"minecraft:interact_with_crafting_table":13,"minecraft:play_one_minute":29877,"minecraft:time_since_death":29877,"minecraft:time_since_rest":29877,"minecraft:sprint_one_cm":78411,"minecraft:damage_taken":675,"minecraft:walk_one_cm":70453,"minecraft:damage_blocked_by_shield":160,"minecraft:drop":2,"minecraft:damage_dealt":1454,"minecraft:swim_one_cm":1940,"minecraft:fly_one_cm":97987,"minecraft:crouch_one_cm":16054,"minecraft:sneak_time":5814,"minecraft:walk_under_water_one_cm":1877,"minecraft:jump":693,"minecraft:walk_on_water_one_cm":7565,"minecraft:fall_one_cm":16003}},"DataVersion":2586}