{"stats":{"minecraft:crafted":{"minecraft:shield":1,"minecraft:crafting_table":1,"minecraft:spruce_planks":24,"minecraft:stick":12,"minecraft:wooden_pickaxe":1,"minecraft:iron_ingot":10,"minecraft:iron_pickaxe":2,"minecraft:stone_pickaxe":2,"minecraft:wooden_axe":1,"minecraft:furnace":1},"minecraft:used":{"minecraft:wooden_axe":24,"minecraft:stone_pickaxe":85,"minecraft:iron_pickaxe":126,"minecraft:ender_pearl":1,"minecraft:wooden_pickaxe":6,"minecraft:dirt":8,"minecraft:cobblestone":13,"minecraft:crafting_table":2,"minecraft:sweet_berries":27,"minecraft:furnace":1},"minecraft:dropped":{"minecraft:wooden_axe":1,"minecraft:cobblestone":53},"minecraft:mined":{"minecraft:diamond_ore":9,"minecraft:iron_ore":24,"minecraft:sweet_berry_bush":2,"minecraft:spruce_log":19,"minecraft:andesite":1,"minecraft:crafting_table":1,"minecraft:granite":6,"minecraft:grass_block":1,"minecraft:coal_ore":23,"minecraft:dirt":8,"minecraft:spruce_leaves":1,"minecraft:stone":131,"minecraft:diorite":15},"minecraft:picked_up":{"minecraft:wooden_axe":1,"minecraft:crafting_table":1,"minecraft:sweet_berries":16,"minecraft:andesite":1,"minecraft:diorite":15,"minecraft:spruce_log":19,"minecraft:dirt":9,"minecraft:diamond":9,"minecraft:spruce_planks":20,"minecraft:granite":6,"minecraft:iron_ore":24,"minecraft:coal":23,"minecraft:cobblestone":145,"minecraft:ender_pearl":1},"minecraft:killed":{"minecraft:zombie":1,"minecraft:enderman":1},"minecraft:custom":{"minecraft:time_since_rest":17877,"minecraft:interact_with_furnace":7,"minecraft:sprint_one_cm":31338,"minecraft:damage_taken":205,"minecraft:walk_one_cm":30427,"minecraft:mob_kills":2,"minecraft:drop":2,"minecraft:damage_dealt":276,"minecraft:swim_one_cm":1940,"minecraft:interact_with_crafting_table":7,"minecraft:fly_one_cm":35473,"minecraft:crouch_one_cm":15035,"minecraft:play_one_minute":17877,"minecraft:sneak_time":5448,"minecraft:walk_under_water_one_cm":1877,"minecraft:jump":308,"minecraft:walk_on_water_one_cm":7097,"minecraft:time_since_death":17877,"minecraft:fall_one_cm":7009}},"DataVersion":2586}