{"stats":{"minecraft:crafted":{"minecraft:crafting_table":1,"minecraft:spruce_planks":4,"minecraft:stick":4,"minecraft:stone_pickaxe":1},"minecraft:killed_by":{"minecraft:player":1,"minecraft:creeper":1,"minecraft:enderman":1},"minecraft:used":{"minecraft:wooden_axe":26,"minecraft:diorite":8,"minecraft:stone_pickaxe":93,"minecraft:bread":1,"minecraft:wooden_pickaxe":18,"minecraft:spruce_planks":1,"minecraft:rotten_flesh":1,"minecraft:dirt":8,"minecraft:cobblestone":9,"minecraft:crafting_table":2,"minecraft:spruce_log":4},"minecraft:dropped":{"minecraft:sweet_berries":2,"minecraft:diamond":1,"minecraft:crafting_table":1,"minecraft:cobblestone":1,"minecraft:dandelion":3},"minecraft:mined":{"minecraft:large_fern":5,"minecraft:spruce_planks":1,"minecraft:iron_ore":48,"minecraft:fire":2,"minecraft:sweet_berry_bush":1,"minecraft:spruce_log":4,"minecraft:dandelion":3,"minecraft:crafting_table":1,"minecraft:granite":5,"minecraft:grass":6,"minecraft:grass_block":4,"minecraft:coal_ore":17,"minecraft:dirt":5,"minecraft:cobblestone":3,"minecraft:spruce_leaves":6,"minecraft:stone":16,"minecraft:diorite":8,"minecraft:spawner":1},"minecraft:picked_up":{"minecraft:wooden_axe":2,"minecraft:stick":3,"minecraft:crafting_table":2,"minecraft:sweet_berries":2,"minecraft:oak_fence":2,"minecraft:torch":1,"minecraft:wooden_pickaxe":2,"minecraft:dandelion":3,"minecraft:gunpowder":1,"minecraft:spruce_sapling":2,"minecraft:spruce_log":5,"minecraft:diorite":9,"minecraft:iron_horse_armor":1,"minecraft:dirt":21,"minecraft:rotten_flesh":1,"minecraft:diamond":1,"minecraft:spruce_planks":15,"minecraft:stone_pickaxe":3,"minecraft:granite":12,"minecraft:iron_ore":78,"minecraft:poppy":1,"minecraft:coal":34,"minecraft:cobblestone":31},"minecraft:killed":{"minecraft:zombie":4},"minecraft:custom":{"minecraft:time_since_rest":935,"minecraft:sprint_one_cm":93215,"minecraft:damage_taken":1340,"minecraft:walk_one_cm":147268,"minecraft:mob_kills":4,"minecraft:drop":8,"minecraft:damage_dealt":975,"minecraft:swim_one_cm":4457,"minecraft:interact_with_crafting_table":1,"minecraft:fly_one_cm":59825,"minecraft:open_chest":4,"minecraft:play_one_minute":37105,"minecraft:crouch_one_cm":7405,"minecraft:deaths":5,"minecraft:sneak_time":2547,"minecraft:walk_under_water_one_cm":3742,"minecraft:jump":675,"minecraft:leave_game":1,"minecraft:time_since_death":909,"minecraft:walk_on_water_one_cm":22185,"minecraft:fall_one_cm":19658}},"DataVersion":2586}