{"stats":{"minecraft:mined":{"minecraft:large_fern":5,"minecraft:spruce_planks":1,"minecraft:iron_ore":29,"minecraft:fire":2,"minecraft:dandelion":3,"minecraft:spruce_log":4,"minecraft:crafting_table":1,"minecraft:granite":5,"minecraft:grass":6,"minecraft:grass_block":4,"minecraft:coal_ore":17,"minecraft:dirt":4,"minecraft:spruce_leaves":6,"minecraft:stone":12,"minecraft:diorite":8},"minecraft:crafted":{"minecraft:crafting_table":1,"minecraft:spruce_planks":4,"minecraft:stick":4,"minecraft:stone_pickaxe":1},"minecraft:custom":{"minecraft:time_since_rest":2656,"minecraft:sprint_one_cm":53478,"minecraft:damage_taken":640,"minecraft:walk_one_cm":77848,"minecraft:mob_kills":2,"minecraft:drop":4,"minecraft:damage_dealt":478,"minecraft:swim_one_cm":3876,"minecraft:interact_with_crafting_table":1,"minecraft:fly_one_cm":38169,"minecraft:play_one_minute":25185,"minecraft:crouch_one_cm":6621,"minecraft:deaths":2,"minecraft:sneak_time":2144,"minecraft:walk_under_water_one_cm":3679,"minecraft:jump":480,"minecraft:leave_game":1,"minecraft:walk_on_water_one_cm":18250,"minecraft:time_since_death":2629,"minecraft:fall_one_cm":14234},"minecraft:used":{"minecraft:wooden_axe":18,"minecraft:diorite":8,"minecraft:stone_pickaxe":64,"minecraft:spruce_planks":1,"minecraft:wooden_pickaxe":18,"minecraft:rotten_flesh":1,"minecraft:dirt":8,"minecraft:crafting_table":2,"minecraft:spruce_log":4},"minecraft:dropped":{"minecraft:crafting_table":1,"minecraft:dandelion":3},"minecraft:picked_up":{"minecraft:wooden_axe":2,"minecraft:stick":3,"minecraft:crafting_table":2,"minecraft:wooden_pickaxe":2,"minecraft:dandelion":3,"minecraft:spruce_sapling":2,"minecraft:diorite":9,"minecraft:spruce_log":5,"minecraft:dirt":8,"minecraft:rotten_flesh":1,"minecraft:spruce_planks":15,"minecraft:granite":12,"minecraft:stone_pickaxe":3,"minecraft:iron_ore":58,"minecraft:coal":34,"minecraft:cobblestone":24},"minecraft:killed_by":{"minecraft:creeper":1},"minecraft:killed":{"minecraft:zombie":2}},"DataVersion":2586}