{"stats":{"minecraft:crafted":{"minecraft:crafting_table":1,"minecraft:spruce_planks":24,"minecraft:stick":4,"minecraft:stone_pickaxe":1},"minecraft:killed_by":{"minecraft:player":1,"minecraft:skeleton":3,"minecraft:creeper":1,"minecraft:spider":1,"minecraft:zombie":2,"minecraft:enderman":1},"minecraft:used":{"minecraft:wooden_axe":26,"minecraft:diorite":8,"minecraft:stone_pickaxe":100,"minecraft:bread":1,"minecraft:wooden_pickaxe":18,"minecraft:spruce_planks":1,"minecraft:rotten_flesh":1,"minecraft:dirt":8,"minecraft:cobblestone":9,"minecraft:crafting_table":2,"minecraft:spruce_log":4},"minecraft:dropped":{"minecraft:sweet_berries":2,"minecraft:diamond":1,"minecraft:crafting_table":1,"minecraft:cobblestone":1,"minecraft:dandelion":3},"minecraft:mined":{"minecraft:large_fern":13,"minecraft:spruce_planks":1,"minecraft:iron_ore":48,"minecraft:fire":2,"minecraft:sweet_berry_bush":1,"minecraft:spruce_log":9,"minecraft:dandelion":3,"minecraft:crafting_table":1,"minecraft:granite":5,"minecraft:grass":6,"minecraft:grass_block":7,"minecraft:coal_ore":17,"minecraft:rail":1,"minecraft:dirt":8,"minecraft:cobblestone":3,"minecraft:spruce_leaves":9,"minecraft:stone":22,"minecraft:fern":1,"minecraft:diorite":8,"minecraft:spawner":1},"minecraft:picked_up":{"minecraft:wooden_axe":2,"minecraft:stick":3,"minecraft:crafting_table":2,"minecraft:sweet_berries":2,"minecraft:andesite":2,"minecraft:oak_fence":2,"minecraft:torch":13,"minecraft:wooden_pickaxe":2,"minecraft:dandelion":3,"minecraft:gunpowder":1,"minecraft:spruce_sapling":2,"minecraft:spruce_log":10,"minecraft:diorite":9,"minecraft:iron_horse_armor":1,"minecraft:dirt":21,"minecraft:rotten_flesh":1,"minecraft:diamond":1,"minecraft:wheat_seeds":1,"minecraft:spruce_planks":15,"minecraft:stone_pickaxe":4,"minecraft:granite":12,"minecraft:iron_ore":78,"minecraft:poppy":1,"minecraft:oak_planks":1,"minecraft:coal":35,"minecraft:rail":2,"minecraft:cobblestone":38},"minecraft:killed":{"minecraft:zombie":4},"minecraft:custom":{"minecraft:time_since_rest":1317,"minecraft:sprint_one_cm":120575,"minecraft:damage_taken":2877,"minecraft:walk_one_cm":184912,"minecraft:mob_kills":4,"minecraft:drop":8,"minecraft:damage_dealt":1281,"minecraft:swim_one_cm":4457,"minecraft:interact_with_crafting_table":1,"minecraft:fly_one_cm":86934,"minecraft:open_chest":4,"minecraft:play_one_minute":73254,"minecraft:crouch_one_cm":7902,"minecraft:deaths":11,"minecraft:sneak_time":2853,"minecraft:walk_under_water_one_cm":3742,"minecraft:jump":876,"minecraft:leave_game":2,"minecraft:time_since_death":601,"minecraft:walk_on_water_one_cm":30969,"minecraft:fall_one_cm":26016}},"DataVersion":2586}