{"stats":{"minecraft:mined":{"minecraft:large_fern":5,"minecraft:grass":6,"minecraft:grass_block":4,"minecraft:dirt":4,"minecraft:stone":1,"minecraft:spruce_log":4,"minecraft:spruce_leaves":6,"minecraft:dandelion":3,"minecraft:diorite":8},"minecraft:crafted":{"minecraft:spruce_planks":4},"minecraft:custom":{"minecraft:time_since_rest":9532,"minecraft:crouch_one_cm":4243,"minecraft:play_one_minute":13185,"minecraft:sprint_one_cm":13356,"minecraft:walk_one_cm":26179,"minecraft:damage_taken":490,"minecraft:deaths":1,"minecraft:sneak_time":1329,"minecraft:walk_under_water_one_cm":3576,"minecraft:drop":3,"minecraft:jump":205,"minecraft:damage_dealt":185,"minecraft:leave_game":1,"minecraft:time_since_death":9505,"minecraft:walk_on_water_one_cm":5103,"minecraft:swim_one_cm":3122,"minecraft:fall_one_cm":7722,"minecraft:fly_one_cm":16517},"minecraft:used":{"minecraft:wooden_axe":10,"minecraft:diorite":1,"minecraft:dirt":1,"minecraft:spruce_planks":1,"minecraft:wooden_pickaxe":17},"minecraft:dropped":{"minecraft:dandelion":3},"minecraft:picked_up":{"minecraft:wooden_axe":1,"minecraft:stick":1,"minecraft:crafting_table":1,"minecraft:dandelion":3,"minecraft:wooden_pickaxe":1,"minecraft:spruce_planks":8,"minecraft:spruce_sapling":1,"minecraft:diorite":8,"minecraft:spruce_log":5,"minecraft:dirt":8,"minecraft:cobblestone":4}},"DataVersion":2586}