{"stats":{"minecraft:mined":{"minecraft:large_fern":1,"minecraft:sweet_berry_bush":1,"minecraft:spruce_log":31,"minecraft:crafting_table":2,"minecraft:grass":1,"minecraft:spruce_leaves":4,"minecraft:stone":6},"minecraft:crafted":{"minecraft:wooden_sword":1,"minecraft:crafting_table":2,"minecraft:spruce_planks":116,"minecraft:stick":12,"minecraft:wooden_pickaxe":2,"minecraft:wooden_axe":2},"minecraft:custom":{"minecraft:time_since_rest":753,"minecraft:sprint_one_cm":10220,"minecraft:damage_taken":590,"minecraft:walk_one_cm":22632,"minecraft:mob_kills":3,"minecraft:drop":3,"minecraft:damage_dealt":708,"minecraft:swim_one_cm":3656,"minecraft:interact_with_crafting_table":8,"minecraft:fly_one_cm":7893,"minecraft:crouch_one_cm":5402,"minecraft:play_one_minute":10939,"minecraft:deaths":2,"minecraft:sneak_time":1919,"minecraft:walk_under_water_one_cm":1620,"minecraft:jump":111,"minecraft:walk_on_water_one_cm":3713,"minecraft:time_since_death":722,"minecraft:fall_one_cm":7697},"minecraft:used":{"minecraft:wooden_axe":31,"minecraft:spruce_planks":1,"minecraft:wooden_pickaxe":6,"minecraft:wooden_sword":17,"minecraft:cobblestone":1,"minecraft:crafting_table":2},"minecraft:dropped":{"minecraft:spruce_planks":8,"minecraft:wooden_axe":1,"minecraft:wooden_pickaxe":1},"minecraft:picked_up":{"minecraft:wooden_axe":1,"minecraft:stick":3,"minecraft:crafting_table":2,"minecraft:sweet_berries":4,"minecraft:wooden_pickaxe":1,"minecraft:spruce_log":29,"minecraft:wooden_sword":1,"minecraft:rotten_flesh":4,"minecraft:wheat_seeds":2,"minecraft:spruce_planks":79,"minecraft:cobblestone":4},"minecraft:killed":{"minecraft:zombie":2}},"DataVersion":2586}