{"stats":{"minecraft:mined":{"minecraft:spruce_planks":1,"minecraft:oak_fence":1,"minecraft:crafting_table":3,"minecraft:granite":1,"minecraft:spruce_leaves":4,"minecraft:large_fern":1,"minecraft:iron_ore":11,"minecraft:sweet_berry_bush":1,"minecraft:spruce_log":31,"minecraft:grass":1,"minecraft:coal_ore":19,"minecraft:cobweb":11,"minecraft:stone":22},"minecraft:custom":{"minecraft:interact_with_furnace":8,"minecraft:mob_kills":7,"minecraft:interact_with_crafting_table":21,"minecraft:play_one_minute":22939,"minecraft:time_since_death":3970,"minecraft:time_since_rest":3998,"minecraft:sprint_one_cm":49857,"minecraft:damage_taken":979,"minecraft:walk_one_cm":53186,"minecraft:damage_blocked_by_shield":65,"minecraft:drop":6,"minecraft:damage_dealt":1699,"minecraft:swim_one_cm":4750,"minecraft:fly_one_cm":19197,"minecraft:crouch_one_cm":16207,"minecraft:deaths":3,"minecraft:sneak_time":5096,"minecraft:walk_under_water_one_cm":3041,"minecraft:jump":242,"minecraft:walk_on_water_one_cm":10429,"minecraft:fall_one_cm":11980},"minecraft:crafted":{"minecraft:wooden_sword":1,"minecraft:crafting_table":2,"minecraft:spruce_planks":116,"minecraft:wooden_pickaxe":2,"minecraft:cooked_chicken":1,"minecraft:iron_sword":1,"minecraft:furnace":1,"minecraft:air":0,"minecraft:iron_boots":1,"minecraft:shield":1,"minecraft:iron_axe":1,"minecraft:stick":36,"minecraft:iron_ingot":11,"minecraft:stone_pickaxe":2,"minecraft:wooden_axe":2,"minecraft:torch":28},"minecraft:used":{"minecraft:stone_pickaxe":42,"minecraft:wooden_pickaxe":11,"minecraft:spruce_planks":26,"minecraft:shield":2,"minecraft:iron_sword":2,"minecraft:cooked_chicken":1,"minecraft:rotten_flesh":2,"minecraft:torch":23,"minecraft:crafting_table":5,"minecraft:wooden_axe":33,"minecraft:iron_axe":1,"minecraft:wooden_sword":51,"minecraft:cobblestone":3,"minecraft:sweet_berries":5,"minecraft:furnace":1},"minecraft:broken":{"minecraft:wooden_sword":1},"minecraft:dropped":{"minecraft:crafting_table":1,"minecraft:spruce_planks":8,"minecraft:wooden_axe":1,"minecraft:stone_pickaxe":2,"minecraft:wooden_pickaxe":1},"minecraft:picked_up":{"minecraft:wooden_axe":1,"minecraft:crafting_table":5,"minecraft:feather":2,"minecraft:chicken":1,"minecraft:wooden_pickaxe":2,"minecraft:shield":1,"minecraft:string":16,"minecraft:wooden_sword":1,"minecraft:bone":4,"minecraft:bow":1,"minecraft:wheat_seeds":3,"minecraft:spruce_planks":137,"minecraft:stone_pickaxe":2,"minecraft:iron_ore":11,"minecraft:iron_pickaxe":1,"minecraft:stick":3,"minecraft:sweet_berries":4,"minecraft:oak_fence":1,"minecraft:torch":38,"minecraft:spruce_sapling":4,"minecraft:spruce_log":29,"minecraft:rotten_flesh":6,"minecraft:coal":24,"minecraft:cobblestone":27},"minecraft:killed":{"minecraft:creeper":1,"minecraft:skeleton":1,"minecraft:zombie":4},"minecraft:killed_by":{"minecraft:skeleton":1}},"DataVersion":2586}