{"stats":{"minecraft:crafted":{"minecraft:wooden_sword":1,"minecraft:crafting_table":3,"minecraft:spruce_planks":116,"minecraft:wooden_pickaxe":2,"minecraft:cooked_chicken":1,"minecraft:iron_sword":1,"minecraft:furnace":2,"minecraft:air":0,"minecraft:iron_boots":1,"minecraft:shield":1,"minecraft:iron_axe":1,"minecraft:stick":36,"minecraft:iron_ingot":11,"minecraft:stone_pickaxe":2,"minecraft:wooden_axe":2,"minecraft:torch":28},"minecraft:killed_by":{"minecraft:cave_spider":1,"minecraft:skeleton":1},"minecraft:used":{"minecraft:iron_ore":3,"minecraft:stone_pickaxe":42,"minecraft:wooden_pickaxe":11,"minecraft:spruce_planks":26,"minecraft:shield":6,"minecraft:iron_sword":45,"minecraft:cooked_chicken":1,"minecraft:rotten_flesh":8,"minecraft:torch":64,"minecraft:crafting_table":6,"minecraft:wooden_axe":33,"minecraft:iron_axe":1,"minecraft:iron_pickaxe":50,"minecraft:wooden_sword":51,"minecraft:cobblestone":3,"minecraft:sweet_berries":5,"minecraft:furnace":2,"minecraft:andesite":1},"minecraft:dropped":{"minecraft:crafting_table":1,"minecraft:iron_horse_armor":1,"minecraft:spruce_planks":8,"minecraft:wooden_axe":1,"minecraft:stone_pickaxe":2,"minecraft:wooden_pickaxe":1},"minecraft:broken":{"minecraft:wooden_sword":1},"minecraft:mined":{"minecraft:spruce_planks":1,"minecraft:oak_fence":1,"minecraft:crafting_table":3,"minecraft:granite":1,"minecraft:cobblestone":1,"minecraft:spruce_leaves":4,"minecraft:large_fern":1,"minecraft:iron_ore":53,"minecraft:sweet_berry_bush":1,"minecraft:spruce_log":31,"minecraft:andesite":1,"minecraft:grass":1,"minecraft:coal_ore":19,"minecraft:cobweb":13,"minecraft:stone":28},"minecraft:picked_up":{"minecraft:wooden_axe":1,"minecraft:crafting_table":5,"minecraft:feather":3,"minecraft:chicken":1,"minecraft:andesite":1,"minecraft:wooden_pickaxe":3,"minecraft:shield":2,"minecraft:lapis_lazuli":6,"minecraft:dirt":14,"minecraft:string":31,"minecraft:iron_axe":1,"minecraft:wooden_sword":1,"minecraft:name_tag":2,"minecraft:bone":11,"minecraft:bow":3,"minecraft:wheat_seeds":4,"minecraft:spruce_planks":174,"minecraft:iron_ingot":1,"minecraft:stone_pickaxe":3,"minecraft:iron_ore":87,"minecraft:iron_pickaxe":2,"minecraft:iron_sword":1,"minecraft:iron_boots":1,"minecraft:stick":16,"minecraft:sweet_berries":4,"minecraft:oak_fence":4,"minecraft:torch":60,"minecraft:spruce_sapling":6,"minecraft:spruce_log":29,"minecraft:iron_horse_armor":1,"minecraft:arrow":2,"minecraft:rotten_flesh":9,"minecraft:coal":36,"minecraft:rail":2,"minecraft:cobblestone":69},"minecraft:killed":{"minecraft:cave_spider":3,"minecraft:spider":1,"minecraft:creeper":1,"minecraft:skeleton":4,"minecraft:zombie":7},"minecraft:custom":{"minecraft:interact_with_furnace":9,"minecraft:mob_kills":17,"minecraft:interact_with_crafting_table":23,"minecraft:play_one_minute":32996,"minecraft:time_since_death":2433,"minecraft:time_since_rest":2478,"minecraft:sprint_one_cm":140129,"minecraft:damage_taken":1354,"minecraft:walk_one_cm":81850,"minecraft:damage_blocked_by_shield":195,"minecraft:drop":7,"minecraft:damage_dealt":3506,"minecraft:swim_one_cm":5553,"minecraft:fly_one_cm":35249,"minecraft:open_chest":3,"minecraft:crouch_one_cm":21082,"minecraft:deaths":4,"minecraft:sneak_time":6423,"minecraft:walk_under_water_one_cm":3131,"minecraft:jump":389,"minecraft:walk_on_water_one_cm":11150,"minecraft:fall_one_cm":14367}},"DataVersion":2586}