{"stats":{"minecraft:crafted":{"minecraft:wooden_sword":1,"minecraft:crafting_table":4,"minecraft:spruce_planks":116,"minecraft:iron_helmet":1,"minecraft:wooden_pickaxe":2,"minecraft:cooked_chicken":1,"minecraft:iron_sword":1,"minecraft:furnace":2,"minecraft:air":0,"minecraft:iron_chestplate":2,"minecraft:iron_boots":1,"minecraft:shield":1,"minecraft:iron_axe":1,"minecraft:stick":44,"minecraft:iron_ingot":49,"minecraft:stone_pickaxe":2,"minecraft:wooden_axe":2,"minecraft:iron_shovel":1,"minecraft:iron_leggings":1,"minecraft:torch":80},"minecraft:killed_by":{"minecraft:cave_spider":2,"minecraft:skeleton":1,"minecraft:creeper":1},"minecraft:used":{"minecraft:diorite":13,"minecraft:iron_ore":3,"minecraft:iron_shovel":68,"minecraft:stone_pickaxe":42,"minecraft:gold_ore":4,"minecraft:wooden_pickaxe":11,"minecraft:spruce_planks":26,"minecraft:shield":23,"minecraft:iron_sword":126,"minecraft:cooked_chicken":1,"minecraft:rotten_flesh":15,"minecraft:torch":136,"minecraft:dirt":16,"minecraft:crafting_table":8,"minecraft:granite":5,"minecraft:wooden_axe":33,"minecraft:iron_axe":35,"minecraft:iron_pickaxe":176,"minecraft:gravel":2,"minecraft:wooden_sword":51,"minecraft:cobblestone":56,"minecraft:sweet_berries":5,"minecraft:furnace":2,"minecraft:andesite":2},"minecraft:dropped":{"minecraft:wheat_seeds":1,"minecraft:lapis_lazuli":6,"minecraft:cobblestone":4,"minecraft:crafting_table":2,"minecraft:feather":1,"minecraft:iron_horse_armor":1,"minecraft:rail":13,"minecraft:spruce_planks":8,"minecraft:wooden_axe":1,"minecraft:bow":1,"minecraft:stone_pickaxe":3,"minecraft:wooden_pickaxe":2},"minecraft:broken":{"minecraft:wooden_sword":1},"minecraft:mined":{"minecraft:spruce_planks":4,"minecraft:oak_fence":2,"minecraft:crafting_table":7,"minecraft:torch":7,"minecraft:granite":6,"minecraft:grass_block":57,"minecraft:poppy":1,"minecraft:cobblestone":8,"minecraft:spruce_leaves":11,"minecraft:sugar_cane":4,"minecraft:oak_planks":1,"minecraft:diorite":15,"minecraft:wall_torch":1,"minecraft:spawner":1,"minecraft:large_fern":7,"minecraft:furnace":2,"minecraft:iron_ore":72,"minecraft:sweet_berry_bush":3,"minecraft:spruce_log":53,"minecraft:andesite":5,"minecraft:grass":1,"minecraft:coal_ore":27,"minecraft:dirt":16,"minecraft:gravel":16,"minecraft:cobweb":26,"minecraft:stone":71,"minecraft:gold_ore":17,"minecraft:fern":1},"minecraft:picked_up":{"minecraft:wooden_axe":1,"minecraft:crafting_table":9,"minecraft:feather":4,"minecraft:chicken":1,"minecraft:andesite":9,"minecraft:wooden_pickaxe":4,"minecraft:flint":2,"minecraft:gunpowder":4,"minecraft:shield":4,"minecraft:lapis_lazuli":18,"minecraft:dirt":91,"minecraft:string":103,"minecraft:iron_axe":3,"minecraft:wooden_sword":1,"minecraft:name_tag":7,"minecraft:iron_leggings":1,"minecraft:bone":25,"minecraft:bow":4,"minecraft:wheat_seeds":5,"minecraft:spruce_planks":243,"minecraft:iron_ingot":30,"minecraft:stone_pickaxe":4,"minecraft:iron_ore":125,"minecraft:poppy":1,"minecraft:iron_pickaxe":4,"minecraft:minecart":1,"minecraft:sugar_cane":7,"minecraft:chest":1,"minecraft:oak_planks":12,"minecraft:iron_sword":3,"minecraft:furnace":3,"minecraft:iron_boots":3,"minecraft:stick":30,"minecraft:sweet_berries":10,"minecraft:oak_fence":22,"minecraft:torch":93,"minecraft:gravel":61,"minecraft:spruce_sapling":11,"minecraft:diorite":26,"minecraft:spruce_log":51,"minecraft:gold_ore":30,"minecraft:iron_horse_armor":3,"minecraft:arrow":8,"minecraft:rotten_flesh":14,"minecraft:iron_helmet":1,"minecraft:granite":9,"minecraft:gold_ingot":1,"minecraft:mutton":1,"minecraft:white_wool":1,"minecraft:coal":66,"minecraft:rail":21,"minecraft:cobblestone":128},"minecraft:killed":{"minecraft:cave_spider":7,"minecraft:spider":1,"minecraft:creeper":1,"minecraft:skeleton":7,"minecraft:zombie":14},"minecraft:custom":{"minecraft:interact_with_furnace":21,"minecraft:mob_kills":33,"minecraft:interact_with_crafting_table":32,"minecraft:play_one_minute":69792,"minecraft:leave_game":1,"minecraft:time_since_death":13723,"minecraft:time_since_rest":13786,"minecraft:sprint_one_cm":259165,"minecraft:damage_taken":1964,"minecraft:walk_one_cm":253562,"minecraft:damage_blocked_by_shield":945,"minecraft:drop":16,"minecraft:damage_dealt":6610,"minecraft:swim_one_cm":6852,"minecraft:fly_one_cm":66102,"minecraft:open_chest":4,"minecraft:crouch_one_cm":47397,"minecraft:deaths":6,"minecraft:sneak_time":14417,"minecraft:walk_under_water_one_cm":11746,"minecraft:jump":942,"minecraft:walk_on_water_one_cm":28557,"minecraft:fall_one_cm":25176}},"DataVersion":2586}