{"stats":{"minecraft:crafted":{"minecraft:wooden_sword":1,"minecraft:crafting_table":3,"minecraft:spruce_planks":116,"minecraft:iron_helmet":1,"minecraft:wooden_pickaxe":2,"minecraft:cooked_chicken":1,"minecraft:iron_sword":1,"minecraft:furnace":2,"minecraft:air":0,"minecraft:iron_chestplate":1,"minecraft:iron_boots":1,"minecraft:shield":1,"minecraft:iron_axe":1,"minecraft:stick":36,"minecraft:iron_ingot":47,"minecraft:stone_pickaxe":2,"minecraft:wooden_axe":2,"minecraft:iron_leggings":1,"minecraft:torch":28},"minecraft:killed_by":{"minecraft:cave_spider":2,"minecraft:skeleton":1},"minecraft:used":{"minecraft:iron_ore":3,"minecraft:stone_pickaxe":42,"minecraft:wooden_pickaxe":11,"minecraft:spruce_planks":26,"minecraft:shield":13,"minecraft:iron_sword":84,"minecraft:cooked_chicken":1,"minecraft:rotten_flesh":10,"minecraft:torch":90,"minecraft:dirt":7,"minecraft:crafting_table":6,"minecraft:wooden_axe":33,"minecraft:iron_axe":4,"minecraft:iron_pickaxe":91,"minecraft:wooden_sword":51,"minecraft:cobblestone":21,"minecraft:sweet_berries":5,"minecraft:furnace":2,"minecraft:andesite":1},"minecraft:dropped":{"minecraft:wheat_seeds":1,"minecraft:cobblestone":4,"minecraft:crafting_table":1,"minecraft:feather":1,"minecraft:iron_horse_armor":1,"minecraft:spruce_planks":8,"minecraft:wooden_axe":1,"minecraft:bow":1,"minecraft:stone_pickaxe":3,"minecraft:wooden_pickaxe":2},"minecraft:broken":{"minecraft:wooden_sword":1},"minecraft:mined":{"minecraft:spruce_planks":1,"minecraft:oak_fence":2,"minecraft:crafting_table":4,"minecraft:torch":7,"minecraft:granite":1,"minecraft:cobblestone":5,"minecraft:spruce_leaves":4,"minecraft:oak_planks":1,"minecraft:diorite":2,"minecraft:wall_torch":1,"minecraft:spawner":1,"minecraft:large_fern":1,"minecraft:iron_ore":64,"minecraft:sweet_berry_bush":1,"minecraft:spruce_log":31,"minecraft:andesite":1,"minecraft:grass":1,"minecraft:coal_ore":24,"minecraft:gravel":15,"minecraft:cobweb":23,"minecraft:stone":35,"minecraft:gold_ore":10},"minecraft:picked_up":{"minecraft:wooden_axe":1,"minecraft:crafting_table":6,"minecraft:feather":4,"minecraft:chicken":1,"minecraft:andesite":1,"minecraft:wooden_pickaxe":4,"minecraft:flint":1,"minecraft:gunpowder":2,"minecraft:shield":3,"minecraft:lapis_lazuli":12,"minecraft:dirt":21,"minecraft:string":70,"minecraft:iron_axe":2,"minecraft:wooden_sword":1,"minecraft:name_tag":4,"minecraft:bone":17,"minecraft:bow":4,"minecraft:wheat_seeds":5,"minecraft:spruce_planks":207,"minecraft:iron_ingot":2,"minecraft:stone_pickaxe":4,"minecraft:iron_ore":98,"minecraft:iron_pickaxe":3,"minecraft:oak_planks":4,"minecraft:iron_sword":2,"minecraft:iron_boots":2,"minecraft:stick":29,"minecraft:sweet_berries":4,"minecraft:oak_fence":9,"minecraft:torch":76,"minecraft:gravel":31,"minecraft:spruce_sapling":8,"minecraft:spruce_log":29,"minecraft:gold_ore":10,"minecraft:iron_horse_armor":2,"minecraft:arrow":4,"minecraft:rotten_flesh":9,"minecraft:coal":41,"minecraft:rail":8,"minecraft:cobblestone":82},"minecraft:killed":{"minecraft:cave_spider":7,"minecraft:spider":1,"minecraft:creeper":1,"minecraft:skeleton":5,"minecraft:zombie":8},"minecraft:custom":{"minecraft:interact_with_furnace":19,"minecraft:mob_kills":23,"minecraft:interact_with_crafting_table":28,"minecraft:play_one_minute":44996,"minecraft:time_since_death":9394,"minecraft:time_since_rest":9422,"minecraft:sprint_one_cm":200840,"minecraft:damage_taken":1630,"minecraft:walk_one_cm":137170,"minecraft:damage_blocked_by_shield":525,"minecraft:drop":13,"minecraft:damage_dealt":4676,"minecraft:swim_one_cm":6056,"minecraft:fly_one_cm":47644,"minecraft:open_chest":4,"minecraft:crouch_one_cm":29187,"minecraft:deaths":5,"minecraft:sneak_time":9082,"minecraft:walk_under_water_one_cm":3175,"minecraft:jump":528,"minecraft:walk_on_water_one_cm":11888,"minecraft:fall_one_cm":15950}},"DataVersion":2586}