{"stats":{"minecraft:crafted":{"minecraft:wooden_sword":1,"minecraft:crafting_table":3,"minecraft:spruce_planks":116,"minecraft:iron_helmet":1,"minecraft:wooden_pickaxe":2,"minecraft:cooked_chicken":1,"minecraft:iron_sword":1,"minecraft:furnace":2,"minecraft:air":0,"minecraft:iron_chestplate":1,"minecraft:iron_boots":1,"minecraft:shield":1,"minecraft:iron_axe":1,"minecraft:stick":36,"minecraft:iron_ingot":49,"minecraft:stone_pickaxe":2,"minecraft:wooden_axe":2,"minecraft:iron_leggings":1,"minecraft:torch":80},"minecraft:killed_by":{"minecraft:cave_spider":2,"minecraft:skeleton":1,"minecraft:creeper":1},"minecraft:used":{"minecraft:iron_ore":3,"minecraft:stone_pickaxe":42,"minecraft:gold_ore":4,"minecraft:wooden_pickaxe":11,"minecraft:spruce_planks":26,"minecraft:shield":23,"minecraft:iron_sword":124,"minecraft:cooked_chicken":1,"minecraft:rotten_flesh":15,"minecraft:torch":136,"minecraft:dirt":7,"minecraft:crafting_table":6,"minecraft:granite":1,"minecraft:wooden_axe":33,"minecraft:iron_axe":4,"minecraft:iron_pickaxe":168,"minecraft:gravel":2,"minecraft:wooden_sword":51,"minecraft:cobblestone":49,"minecraft:sweet_berries":5,"minecraft:furnace":2,"minecraft:andesite":2},"minecraft:dropped":{"minecraft:wheat_seeds":1,"minecraft:cobblestone":4,"minecraft:crafting_table":1,"minecraft:feather":1,"minecraft:iron_horse_armor":1,"minecraft:spruce_planks":8,"minecraft:wooden_axe":1,"minecraft:bow":1,"minecraft:stone_pickaxe":3,"minecraft:wooden_pickaxe":2},"minecraft:broken":{"minecraft:wooden_sword":1},"minecraft:mined":{"minecraft:spruce_planks":1,"minecraft:oak_fence":2,"minecraft:crafting_table":4,"minecraft:torch":7,"minecraft:granite":6,"minecraft:cobblestone":8,"minecraft:spruce_leaves":4,"minecraft:oak_planks":1,"minecraft:diorite":15,"minecraft:wall_torch":1,"minecraft:spawner":1,"minecraft:large_fern":1,"minecraft:furnace":1,"minecraft:iron_ore":72,"minecraft:sweet_berry_bush":1,"minecraft:spruce_log":31,"minecraft:andesite":5,"minecraft:grass":1,"minecraft:coal_ore":27,"minecraft:dirt":3,"minecraft:gravel":15,"minecraft:cobweb":25,"minecraft:stone":65,"minecraft:gold_ore":17},"minecraft:picked_up":{"minecraft:wooden_axe":1,"minecraft:crafting_table":6,"minecraft:feather":4,"minecraft:chicken":1,"minecraft:andesite":4,"minecraft:wooden_pickaxe":4,"minecraft:flint":1,"minecraft:gunpowder":2,"minecraft:shield":3,"minecraft:lapis_lazuli":12,"minecraft:dirt":23,"minecraft:string":72,"minecraft:iron_axe":2,"minecraft:wooden_sword":1,"minecraft:name_tag":4,"minecraft:bone":18,"minecraft:bow":4,"minecraft:wheat_seeds":5,"minecraft:spruce_planks":207,"minecraft:iron_ingot":2,"minecraft:stone_pickaxe":4,"minecraft:iron_ore":106,"minecraft:iron_pickaxe":3,"minecraft:oak_planks":6,"minecraft:iron_sword":2,"minecraft:furnace":1,"minecraft:iron_boots":2,"minecraft:stick":29,"minecraft:sweet_berries":4,"minecraft:oak_fence":13,"minecraft:torch":77,"minecraft:gravel":31,"minecraft:spruce_sapling":8,"minecraft:diorite":13,"minecraft:spruce_log":29,"minecraft:gold_ore":17,"minecraft:iron_horse_armor":2,"minecraft:arrow":5,"minecraft:rotten_flesh":14,"minecraft:granite":5,"minecraft:coal":44,"minecraft:rail":8,"minecraft:cobblestone":114},"minecraft:killed":{"minecraft:cave_spider":7,"minecraft:spider":1,"minecraft:creeper":1,"minecraft:skeleton":7,"minecraft:zombie":14},"minecraft:custom":{"minecraft:interact_with_furnace":20,"minecraft:mob_kills":33,"minecraft:interact_with_crafting_table":28,"minecraft:play_one_minute":56996,"minecraft:time_since_death":927,"minecraft:time_since_rest":990,"minecraft:sprint_one_cm":224633,"minecraft:damage_taken":1774,"minecraft:walk_one_cm":180462,"minecraft:damage_blocked_by_shield":945,"minecraft:drop":13,"minecraft:damage_dealt":6600,"minecraft:swim_one_cm":6056,"minecraft:fly_one_cm":56710,"minecraft:open_chest":4,"minecraft:crouch_one_cm":42725,"minecraft:deaths":6,"minecraft:sneak_time":13141,"minecraft:walk_under_water_one_cm":4338,"minecraft:jump":684,"minecraft:walk_on_water_one_cm":20943,"minecraft:fall_one_cm":18177}},"DataVersion":2586}